{"distance": [1.0000000000000007, 1.1505382386916239, 1.5973451516749235, 1.7022365444186485, 1.9783527989617515, 2.1038423299999365, 2.270683415875657, 2.328967833382642, 2.5199291845278, 2.7896978869999955, 2.8053589784604998, 2.971843482651293, 3.123964439346235, 3.3858835950505535, 3.5434629349970104, 3.617067115571481, 3.739286300178484, 3.872932405450522, 3.9256397493823134, 4.035664226090179, 4.032134817117639, 4.2674784171073625, 4.328352718934856, 4.471612209818035, 4.568744312082895, 4.610416468455784, 4.657689494564499, 4.67207085415911, 4.832465150794973, 4.928179564103018, 5.200506918809025, 5.2086090850102735, 5.369139721670194, 5.511159813577294, 5.528674778129427, 5.694588304558883, 5.843664763313581, 5.819793025036555, 5.879262153275783, 5.871564723484575, 5.996315397597797, 6.044489897822933, 6.101447102695131, 6.214500324972431, 6.208031586457253, 6.228256622740052, 6.293017563729596, 6.503883169119165, 6.46154126325276, 6.562944492418123, 6.679322631554012, 6.717699295656323, 6.84793940322988, 6.921271622206201, 7.014362899258518, 7.069156146535305, 7.085937738733231, 7.079434593124935, 7.087770390416609, 7.12581433465263, 7.176602273084101, 7.147328249754053, 7.294824388439894, 7.329766414245081, 7.4181823086028, 7.561684839854687, 7.654404912829905, 7.602618941282769, 7.637183014909149, 7.538709877280686, 7.676919229289698, 7.675290434159614, 7.6428924051314215, 7.588618446982261, 7.534835566707081, 7.674691428157852, 7.71687990005441, 7.771377745701182, 7.871466052834947, 7.8794937385307575, 7.9575355866352115, 7.808363849409913, 7.769903804062583, 7.8469753384827605, 8.016127334527273, 8.080947724998472, 8.175749191252137, 8.29619928724883, 8.358554998936592, 8.383381330039002, 8.467107105526386, 8.39695044337603, 8.507699371348757, 8.662946390929775, 8.594592574269958, 8.597338158997891, 8.611854297911846, 8.569976860979292, 8.572133381872566, 8.707919045331659], "xdistance": [-0.09000000000000001, -0.18000000000000005, -0.09000000000000012, 0.07999999999999985, 0.1199999999999999, 0.10999999999999979, -0.07000000000000027, -0.030000000000000214, 0.01999999999999968, 0.009999999999999664, 0.019999999999999664, 0.049999999999999524, 0.00999999999999982, 0.07999999999999956, 0.20999999999999963, 0.11999999999999969, 0.07999999999999949, 0.029999999999999596, -0.09000000000000041, -0.13000000000000028, -0.10000000000000032, -0.12000000000000052, -0.06000000000000043, -0.07000000000000045, -0.020000000000000392, -0.14000000000000043, -0.11000000000000042, -0.0900000000000007, -0.1700000000000006, -0.26000000000000045, -0.24000000000000055, -0.24000000000000046, -0.30000000000000054, -0.3400000000000005, -0.30000000000000054, -0.2900000000000005, -0.2800000000000007, -0.23000000000000048, -0.30000000000000066, -0.3000000000000008, -0.27000000000000074, -0.36000000000000076, -0.43000000000000077, -0.4000000000000008, -0.3200000000000007, -0.3600000000000008, -0.31000000000000083, -0.3900000000000009, -0.3800000000000008, -0.3300000000000008, -0.28000000000000086, -0.24000000000000105, -0.2600000000000008, -0.22000000000000106, -0.280000000000001, -0.3700000000000009, -0.3300000000000012, -0.380000000000001, -0.4900000000000008, -0.530000000000001, -0.49000000000000093, -0.47000000000000114, -0.49000000000000093, -0.4500000000000009, -0.39000000000000096, -0.460000000000001, -0.4000000000000011, -0.37000000000000105, -0.38000000000000106, -0.240000000000001, -0.13000000000000095, -0.20000000000000095, -0.2100000000000009, -0.22000000000000103, -0.09000000000000108, -0.1200000000000011, -0.16000000000000095, -0.0800000000000011, 0.02999999999999889, 0.01999999999999907, 0.079999999999999, -1.0894063429134349e-15, -1.1171619185290638e-15, -0.0800000000000011, 0.07999999999999878, 0.1399999999999988, 0.0599999999999988, 0.11999999999999872, 0.10999999999999882, 0.17999999999999877, 0.23999999999999871, 0.20999999999999858, 0.20999999999999872, 0.24999999999999864, 0.3099999999999987, 0.3399999999999987, 0.31999999999999873, 0.28999999999999887, 0.23999999999999883, 0.28999999999999876], "ydistance": [-0.06999999999999997, -0.05999999999999993, -0.14999999999999988, -0.07999999999999988, -0.1799999999999998, -0.1099999999999998, -0.1899999999999998, -0.22999999999999982, -0.05999999999999976, -0.10999999999999975, -0.23999999999999966, -0.10999999999999971, -0.10999999999999963, -0.11999999999999963, -0.26999999999999963, -0.2799999999999995, -0.3999999999999995, -0.4699999999999996, -0.4099999999999995, -0.2899999999999996, -0.25999999999999956, -0.1999999999999994, -0.2199999999999994, -0.16999999999999946, -0.19999999999999948, -0.1999999999999995, -0.1899999999999995, -0.009999999999999416, 0.010000000000000665, -0.03999999999999933, -0.13999999999999926, -0.2199999999999993, -0.019999999999999366, -0.09999999999999931, -0.13999999999999918, -0.12999999999999934, -0.09999999999999931, -0.12999999999999926, -0.1599999999999992, -0.11999999999999925, -0.12999999999999926, -0.07999999999999927, -0.009999999999999159, 0.08000000000000086, 0.10000000000000096, 0.08000000000000096, -0.009999999999999076, -0.04999999999999909, -0.2199999999999993, -0.2899999999999993, -0.33999999999999925, -0.3199999999999989, -0.3399999999999992, -0.35999999999999904, -0.3799999999999989, -0.429999999999999, -0.5299999999999988, -0.5399999999999989, -0.4499999999999989, -0.4499999999999989, -0.36999999999999894, -0.3499999999999989, -0.28999999999999887, -0.26999999999999896, -0.20999999999999885, -0.239999999999999, -0.2199999999999991, -0.189999999999999, -0.19999999999999918, -0.3199999999999992, -0.2699999999999989, -0.27999999999999897, -0.22999999999999893, -0.239999999999999, -0.24999999999999895, -0.25999999999999895, -0.25999999999999895, -0.29999999999999893, -0.3699999999999989, -0.2999999999999987, -0.35999999999999904, -0.39999999999999886, -0.439999999999999, -0.37999999999999906, -0.35999999999999904, -0.339999999999999, -0.39999999999999913, -0.359999999999999, -0.349999999999999, -0.3799999999999989, -0.33999999999999897, -0.289999999999999, -0.20999999999999874, -0.3499999999999986, -0.4499999999999988, -0.4599999999999987, -0.479999999999999, -0.5299999999999988, -0.49999999999999883, -0.40999999999999875], "zdistance": [0.0, 0.0, 0.0, 0.0, 0.0, 0.0, 0.0, 0.0, 0.0, 0.0, 0.0, 0.0, 0.0, 0.0, 0.0, 0.0, 0.0, 0.0, 0.0, 0.0, 0.0, 0.0, 0.0, 0.0, 0.0, 0.0, 0.0, 0.0, 0.0, 0.0, 0.0, 0.0, 0.0, 0.0, 0.0, 0.0, 0.0, 0.0, 0.0, 0.0, 0.0, 0.0, 0.0, 0.0, 0.0, 0.0, 0.0, 0.0, 0.0, 0.0, 0.0, 0.0, 0.0, 0.0, 0.0, 0.0, 0.0, 0.0, 0.0, 0.0, 0.0, 0.0, 0.0, 0.0, 0.0, 0.0, 0.0, 0.0, 0.0, 0.0, 0.0, 0.0, 0.0, 0.0, 0.0, 0.0, 0.0, 0.0, 0.0, 0.0, 0.0, 0.0, 0.0, 0.0, 0.0, 0.0, 0.0, 0.0, 0.0, 0.0, 0.0, 0.0, 0.0, 0.0, 0.0, 0.0, 0.0, 0.0, 0.0, 0.0], "time_to_leave": 32.31,