{"distance": [50.00000000000044, 60.02396820942899, 80.28529157249602, 92.95309485879501, 102.42894168046566, 107.73778673330696, 120.21238690104083, 128.43363623325968, 138.0552896425668, 142.2324713715828], "x_distance": [0.5999999999999998, -0.4000000000000027, -0.10000000000000492, -2.300000000000005, -2.6000000000000076, -1.9000000000000088, -1.2000000000000106, -0.3000000000000131, -1.3725132141928498e-14, 1.4999999999999851], "y_distance": [0.8000000000000003, 2.400000000000004, 2.300000000000005, 0.900000000000005, 0.20000000000000634, -0.2999999999999912, 9.037215420448775e-15, 1.1000000000000094, 0.6000000000000145, 3.3000000000000136], "z_distance": [0.0, 0.0, 0.0, 0.0, 0.0, 0.0, 0.0, 0.0, 0.0, 0.0], "time_to_leave": -50.00000000000044, "y_cross_count_list": [0.0, 0.0, 2.0000000000000004, 3.600000000000002, 6.699999999999993, 9.599999999999984, 12.899999999999974, 15.499999999999968, 18.599999999999994, 20.900000000000023]}